url,status,at
https://www.foi.gov.ph/agencies/pnpdidm/crime-rate-pnpdidm-495886900887/,200,2026-09-29 17:09:05
https://www.foi.gov.ph/agencies/pnpdidm/statistical-data-of-cicl-and-car-in-region-iv-a-pnpdidm-563400009147/,200,2026-09-29 17:09:11
https://www.foi.gov.ph/agencies/foipmo/efficiency-of-using-efoi/,200,2026-09-29 17:09:24
https://www.foi.gov.ph/agencies/pnpdrd/case-of-domestic-abuse-to-women-from-2018-to-2023-pnpdrd-231651850165/,200,2026-09-29 17:09:43
https://www.foi.gov.ph/agencies/pnpdl/total-filed-report-cases-of-phishing-scam-in-region-iv-a2020-2025/,200,2026-09-29 17:09:45
https://www.foi.gov.ph/agencies/pnpdidm/data-for-car-cases-pnpdidm-539736491604/,200,2026-09-29 17:11:25
https://www.foi.gov.ph/agencies/pnpdidm/data-of-car-in-bulacan-pnpdidm-989706710203/,200,2026-09-29 17:11:27
https://www.foi.gov.ph/agencies/foipmo/number-of-active-delisted-and-graduated-4ps-and-mcct-benefeciary-in-brgydakit-bogo-city-cebu-from-2012-to-2018/,200,2026-09-29 17:14:38
https://www.foi.gov.ph/agencies/pnpdpcr/research-study-pnpdpcr-713582565498/,200,2026-09-29 17:14:46
https://www.foi.gov.ph/agencies/pnpdrd/pnp-drd/,200,2026-09-29 17:15:52
https://www.foi.gov.ph/agencies/pnpdictm/scam-pnpdictm-024605990678/,200,2026-09-29 17:16:04
https://www.foi.gov.ph/agencies/pnpdhrdd/scam-pnpdhrdd-322694975651/,200,2026-09-29 17:16:06
https://www.foi.gov.ph/agencies/pnpdpcr/scam-pnpdpcr-466457055716/,200,2026-09-29 17:16:08
https://www.foi.gov.ph/agencies/pnpdidm/scam-pnpdidm-338816494407/,200,2026-09-29 17:16:10
https://www.foi.gov.ph/agencies/pnpdictm/harassment-pnpdictm-935969365546/,200,2026-09-29 17:16:26
https://www.foi.gov.ph/agencies/pnpdictm/harrasment-of-clients-of-tonik-bank-and-mba-consulting-philippines/,200,2026-09-29 17:16:41
https://www.foi.gov.ph/agencies/pnpdictm/request-cancellation-of-police-clearance-appointment/,200,2026-09-29 17:17:51
https://www.foi.gov.ph/agencies/pnpdictm/pnp-data/,200,2026-09-29 17:18:44
https://www.foi.gov.ph/agencies/pnpdidm/tracking-of-this-phone-number/,200,2026-09-29 17:19:32
https://www.foi.gov.ph/agencies/pnpdiponl/ola-harrassment-and-threats-pnpdiponl-897901221188/,200,2026-09-29 17:22:11
https://www.foi.gov.ph/agencies/pnpdidm/violence-against-children-statistics/,200,2026-09-29 17:22:13
https://www.foi.gov.ph/agencies/pnpdiponl/refund-pnpdiponl-695728981878/,200,2026-09-29 17:24:19
